faq_id,stage,audience,category,question,paraphrases,answer,next_action,contact_channel,restrictions,visibility,confidence_type,updated_at,source,keywords,manual_files,last_editor_id,last_editor_name,last_edited_at
FAQ-001,입점문의,공통,8.1 입점 형태 및 기본 운영,팝업과 정규 매장의 공식 운영시간은 각각 어떻게 되나요?,팝업과 정규 매장의 공식 운영시간은 각각 어떻게 되나요?; 팝업과 정규 매장의 공식 운영시간은 어떻게 되나요?; 팝업과 정규 매장의 공식 운영시간을 알려주세요.; 팝업과 정규 매장의 공식 운영시간 문의드립니다.; 팝업과 정규 매장의 공식 운영시간 확인 부탁드립니다.; 팝업과 정규 매장의 공식 운영시간은 어디에서 확인하나요?; 팝업과 정규 매장의 공식 운영시간을 안내해 주세요.; 팝업과 정규 매장의 공식 운영시간 알 수 있을까요?; 팝업과 정규 매장의 공식 운영시간 관련 기준이 궁금합니다.; 팝업과 정규 매장의 공식 운영시간 관련해서 확인하고 싶습니다.,"기본 운영시간은 일~목 10:30~20:30, 금~토 및 공휴일 10:30~21:00입니다. 1~3F와 패션파크 4F는 10:30~22:00까지 운영됩니다. 식당가 영업시간은 매장별로 다를 수 있으므로, 정확한 시간은 아이파크몰 APP의 쇼핑정보-매장검색에서 확인하시면 됩니다.","아이파크몰 APP에서 최신 운영시간을 확인하시고, 필요하신 경우 담당 바이어에게 예외 여부를 문의하시면 됩니다.",담당 바이어; 아이파크몰 APP(쇼핑정보-매장검색),현장 조건에 따라 가능,공통공개,운영 사례형 답변,2026-03-07,답변 입력용 표.xls; 브랜드faq_BRD.md; kakaodata,,,,,
FAQ-002,입점문의,공통,8.1 입점 형태 및 기본 운영,요일/시즌/명절/특정 행사 기간 중 연장 영업 기준이 있나요?,요일/시즌/명절/특정 행사 기간 중 연장 영업 기준이 있나요?; 요일/시즌/명절/특정 행사 기간 중 연장 영업 기준은 어떻게 되나요?; 요일/시즌/명절/특정 행사 기간 중 연장 영업 기준을 알려주세요.; 요일/시즌/명절/특정 행사 기간 중 연장 영업 기준 문의드립니다.; 요일/시즌/명절/특정 행사 기간 중 연장 영업 기준 확인 부탁드립니다.; 요일/시즌/명절/특정 행사 기간 중 연장 영업 기준은 어디에서 확인하나요?; 요일/시즌/명절/특정 행사 기간 중 연장 영업 기준을 안내해 주세요.; 요일/시즌/명절/특정 행사 기간 중 연장 영업 기준 알 수 있을까요?; 요일/시즌/명절/특정 행사 기간 중 연장 영업 기준 내용이 궁금합니다.; 요일/시즌/명절/특정 행사 기간 중 연장 영업 기준 관련해서 확인하고 싶습니다.,"공휴일은 21:00 종료 기준으로 확인됩니다(예: 12/25, 1/1).","아이파크몰 APP에서 최신 운영시간을 확인하시고, 필요하신 경우 담당 바이어에게 예외 여부를 문의하시면 됩니다.",담당 바이어; 아이파크몰 APP(쇼핑정보-매장검색),-,공통공개,운영 사례형 답변,2026-03-07,답변 입력용 표.xls; 브랜드faq_BRD.md; kakaodata,,,,,
FAQ-003,입점문의,공통,8.1 입점 형태 및 기본 운영,오픈/마감 준비를 위해 매장 스태프가 조기/지연 출입 가능한 시간이 정해져있나요?,오픈/마감 준비를 위해 매장 스태프가 조기/지연 출입 가능한 시간이 정해져있나요?; 오픈/마감 준비를 위해 매장 스태프가 조기/지연 출입 가능한 시간은 어떻게 되나요?; 오픈/마감 준비를 위해 매장 스태프가 조기/지연 출입 가능한 시간을 알려주세요.; 오픈/마감 준비를 위해 매장 스태프가 조기/지연 출입 가능한 시간 문의드립니다.; 오픈/마감 준비를 위해 매장 스태프가 조기/지연 출입 가능한 시간 확인 부탁드립니다.; 오픈/마감 준비를 위해 매장 스태프가 조기/지연 출입 가능한 시간은 어디에서 확인하나요?; 오픈/마감 준비를 위해 매장 스태프가 조기/지연 출입 가능한 시간을 안내해 주세요.; 오픈/마감 준비를 위해 매장 스태프가 조기/지연 출입 가능한 시간 알 수 있을까요?; 오픈/마감 준비를 위해 매장 스태프가 조기/지연 출입 가능한 시간 관련 기준이 궁금합니다.; 오픈/마감 준비를 위해 매장 스태프가 조기/지연 출입 가능한 시간 관련해서 확인하고 싶습니다.,"영업 외 시간 출입은 출입신청을 기반으로 가능하며, 야간 작업 무료주차 시간대는 19:00부터 익일 10:00까지입니다.","아이파크몰 APP에서 최신 운영시간을 확인하시고, 필요하신 경우 담당 바이어에게 예외 여부를 문의하시면 됩니다.",담당 바이어; 아이파크몰 APP(쇼핑정보-매장검색),현장 조건에 따라 가능,공통공개,운영 사례형 답변,2026-03-07,답변 입력용 표.xls; 브랜드faq_BRD.md; kakaodata,,,,,
FAQ-004,입점문의,공통,8.1 입점 형태 및 기본 운영,휴점일 또는 단축 영업일 공지는 어떤 채널로 언제 안내하나요?,휴점일 또는 단축 영업일 공지는 어떤 채널로 언제 안내하나요?; 휴점일 또는 단축 영업일 공지는 어떤 채널로 언제 안내하나요는 어떻게 되나요?; 휴점일 또는 단축 영업일 공지는 어떤 채널로 언제 안내하나요를 알려주세요.; 휴점일 또는 단축 영업일 공지는 어떤 채널로 언제 안내하나요 문의드립니다.; 휴점일 또는 단축 영업일 공지는 어떤 채널로 언제 안내하나요 확인 부탁드립니다.; 휴점일 또는 단축 영업일 공지는 어떤 채널로 언제 안내하나요는 어디에서 확인하나요?; 휴점일 또는 단축 영업일 공지는 어떤 채널로 언제 안내하나요를 안내해 주세요.; 휴점일 또는 단축 영업일 공지는 어떤 채널로 언제 안내하나요 알 수 있을까요?; 휴점일 또는 단축 영업일 공지는 어떤 채널로 언제 안내하나요 관련 기준이 궁금합니다.; 휴점일 또는 단축 영업일 공지는 어떤 채널로 언제 안내하나요 관련해서 확인하고 싶습니다.,아이파크몰은 연중 무휴로 운영됩니다. 설날과 추석 당일에도 정상 영업합니다.,"아이파크몰 APP에서 최신 운영시간을 확인하시고, 필요하신 경우 담당 바이어에게 예외 여부를 문의하시면 됩니다.",담당 바이어; 아이파크몰 APP(쇼핑정보-매장검색),-,공통공개,확정 정책형 답변,2026-03-07,답변 입력용 표.xls; 브랜드faq_BRD.md; kakaodata,,,,,
FAQ-005,입점진행,브랜드,8.2 출입 신청 및 인원 등록,출입 신청은 어떤 시스템이나 양식으로 접수하나요?,출입 신청은 어떤 시스템이나 양식으로 접수하나요?; 출입 신청은 어떤 시스템이나 양식으로 접수하나요는 어떻게 되나요?; 출입 신청은 어떤 시스템이나 양식으로 접수하나요를 알려주세요.; 출입 신청은 어떤 시스템이나 양식으로 접수하나요 문의드립니다.; 출입 신청은 어떤 시스템이나 양식으로 접수하나요 확인 부탁드립니다.; 출입 신청은 어떤 시스템이나 양식으로 접수하나요는 어디에서 확인하나요?; 출입 신청은 어떤 시스템이나 양식으로 접수하나요를 안내해 주세요.; 출입 신청은 어떤 시스템이나 양식으로 접수하나요 알 수 있을까요?; 출입 신청은 어떤 시스템이나 양식으로 접수하나요 관련 기준이 궁금합니다.; 출입 신청은 어떤 시스템이나 양식으로 접수하나요 관련해서 확인하고 싶습니다.,"PMS 출입신청 페이지(https://pms.iparkmall.co.kr/intro)에서 접수하시면 됩니다. 차량이 여러 대인 경우에는 차량 등록란에 쉼표로 구분해 입력하시면 되며, 승인부서는 행사 담당팀으로 지정하시면 됩니다.","PMS에서 출입신청을 접수하시고 승인부서를 지정한 뒤, 승인 완료 여부를 확인하시면 됩니다.",PMS(https://pms.iparkmall.co.kr/intro); 보안 02-2012-4112,-,공통공개,확정 정책형 답변,2026-03-07,답변 입력용 표.xls; 브랜드faq_BRD.md; kakaodata,,,,,
FAQ-006,입점진행,브랜드,8.2 출입 신청 및 인원 등록,신규 입점 브랜드의 출입 등록은 언제까지 해야 하나요?,신규 입점 브랜드의 출입 등록은 언제까지 해야 하나요?; 신규 입점 브랜드의 출입 등록은 언제까지 해야 하나요는 어떻게 되나요?; 신규 입점 브랜드의 출입 등록은 언제까지 해야 하나요를 알려주세요.; 신규 입점 브랜드의 출입 등록은 언제까지 해야 하나요 문의드립니다.; 신규 입점 브랜드의 출입 등록은 언제까지 해야 하나요 확인 부탁드립니다.; 신규 입점 브랜드의 출입 등록은 언제까지 해야 하나요는 어디에서 확인하나요?; 신규 입점 브랜드의 출입 등록은 언제까지 해야 하나요를 안내해 주세요.; 신규 입점 브랜드의 출입 등록은 언제까지 해야 하나요 알 수 있을까요?; 신규 입점 브랜드의 출입 등록은 언제까지 해야 하나요 관련 기준이 궁금합니다.; 신규 입점 브랜드의 출입 등록은 언제까지 해야 하나요 관련해서 확인하고 싶습니다.,출입신청은 당일에도 가능하지만 누락이 발생할 수 있으므로 행사 하루 전까지 사전신청하시는 것을 권장드립니다.,"PMS에서 출입신청을 접수하시고 승인부서를 지정한 뒤, 승인 완료 여부를 확인하시면 됩니다.",PMS(https://pms.iparkmall.co.kr/intro); 보안 02-2012-4112,사전 신청/협의; 현장 조건에 따라 가능,공통공개,운영 사례형 답변,2026-03-07,답변 입력용 표.xls; 브랜드faq_BRD.md; kakaodata,,,,,
FAQ-007,입점진행,브랜드,8.2 출입 신청 및 인원 등록,상시 출입 인원과 단기 작업 인원 신청 절차는 어떻게 다른가요?,상시 출입 인원과 단기 작업 인원 신청 절차는 어떻게 다른가요?; 상시 출입 인원과 단기 작업 인원 신청 절차는 어떻게 다른가요는 어떻게 되나요?; 상시 출입 인원과 단기 작업 인원 신청 절차는 어떻게 다른가요를 알려주세요.; 상시 출입 인원과 단기 작업 인원 신청 절차는 어떻게 다른가요 문의드립니다.; 상시 출입 인원과 단기 작업 인원 신청 절차는 어떻게 다른가요 확인 부탁드립니다.; 상시 출입 인원과 단기 작업 인원 신청 절차는 어떻게 다른가요는 어디에서 확인하나요?; 상시 출입 인원과 단기 작업 인원 신청 절차는 어떻게 다른가요를 안내해 주세요.; 상시 출입 인원과 단기 작업 인원 신청 절차는 어떻게 다른가요 알 수 있을까요?; 상시 출입 인원과 단기 작업 인원 신청 절차는 어떻게 다른가요 관련 기준이 궁금합니다.; 상시 출입 인원과 단기 작업 인원 신청 절차는 어떻게 다른가요 관련해서 확인하고 싶습니다.,주간 출입을 원하시는 경우에는 아이파크몰 지하 1층 별주차장 방재실에서 평일 중 주차권을 구매하셔야 합니다.,"PMS에서 출입신청을 접수하시고 승인부서를 지정한 뒤, 승인 완료 여부를 확인하시면 됩니다.",PMS(https://pms.iparkmall.co.kr/intro); 보안 02-2012-4112,-,공통공개,확정 정책형 답변,2026-03-07,답변 입력용 표.xls; 브랜드faq_BRD.md; kakaodata,,,,,
FAQ-008,입점진행,브랜드,8.2 출입 신청 및 인원 등록,외주 인력(시공/청소/집기) 출입 시 필수 제출 서류는 무엇인가요?,외주 인력(시공/청소/집기) 출입 시 필수 제출 서류는 무엇인가요?; 외주 인력(시공/청소/집기) 출입 시 필수 제출 서류는 무엇은 어떻게 되나요?; 외주 인력(시공/청소/집기) 출입 시 필수 제출 서류는 무엇을 알려주세요.; 외주 인력(시공/청소/집기) 출입 시 필수 제출 서류는 무엇 문의드립니다.; 외주 인력(시공/청소/집기) 출입 시 필수 제출 서류는 무엇 확인 부탁드립니다.; 외주 인력(시공/청소/집기) 출입 시 필수 제출 서류는 무엇은 어디에서 확인하나요?; 외주 인력(시공/청소/집기) 출입 시 필수 제출 서류는 무엇을 안내해 주세요.; 외주 인력(시공/청소/집기) 출입 시 필수 제출 서류는 무엇 알 수 있을까요?; 외주 인력(시공/청소/집기) 출입 시 필수 제출 서류는 무엇 관련 기준이 궁금합니다.; 외주 인력(시공/청소/집기) 출입 시 필수 제출 서류는 무엇 관련해서 확인하고 싶습니다.,야간 작업 인원은 출입신청 후 보안데크에서 출입증(표찰)을 수령하시면 됩니다. 이때 보안실에 이름과 전화번호를 함께 공유해 주셔야 합니다.,"PMS에서 출입신청을 접수하시고 승인부서를 지정한 뒤, 승인 완료 여부를 확인하시면 됩니다.",PMS(https://pms.iparkmall.co.kr/intro); 보안 02-2012-4112,-,공통공개,확정 정책형 답변,2026-03-07,답변 입력용 표.xls; 브랜드faq_BRD.md; kakaodata,,,,,
FAQ-009,입점진행,브랜드,8.2 출입 신청 및 인원 등록,야간 작업 승인 기준과 승인권자는 누구인가요?,야간 작업 승인 기준과 승인권자는 누구인가요?; 야간 작업 승인 기준과 승인권자는 누구는 어떻게 되나요?; 야간 작업 승인 기준과 승인권자는 누구를 알려주세요.; 야간 작업 승인 기준과 승인권자는 누구 문의드립니다.; 야간 작업 승인 기준과 승인권자는 누구 확인 부탁드립니다.; 야간 작업 승인 기준과 승인권자는 누구는 어디에서 확인하나요?; 야간 작업 승인 기준과 승인권자는 누구를 안내해 주세요.; 야간 작업 승인 기준과 승인권자는 누구 알 수 있을까요?; 야간 작업 승인 기준과 승인권자는 누구 관련 기준이 궁금합니다.; 야간 작업 승인 기준과 승인권자는 누구 관련해서 확인하고 싶습니다.,"야간 작업 시간대는 19:00부터 익일 10:00까지이며, 출입신청 후 담당 승인부서의 승인을 받으셔야 합니다.","PMS에서 출입신청을 접수하시고 승인부서를 지정한 뒤, 승인 완료 여부를 확인하시면 됩니다.",PMS(https://pms.iparkmall.co.kr/intro); 보안 02-2012-4112,-,공통공개,운영 사례형 답변,2026-03-07,답변 입력용 표.xls; 브랜드faq_BRD.md; kakaodata,,,,,
FAQ-010,입점진행,브랜드,"8.3 차량, 주차, 하역, 동선",브랜드 지원 주차(무료/할인) 기준 시간과 대상은 어떻게 되나요?,브랜드 지원 주차(무료/할인) 기준 시간과 대상은 어떻게 되나요?; 브랜드 지원 주차(무료/할인) 기준 시간과 대상을 알려주세요.; 브랜드 지원 주차(무료/할인) 기준 시간과 대상 문의드립니다.; 브랜드 지원 주차(무료/할인) 기준 시간과 대상 확인 부탁드립니다.; 브랜드 지원 주차(무료/할인) 기준 시간과 대상은 어디에서 확인하나요?; 브랜드 지원 주차(무료/할인) 기준 시간과 대상을 안내해 주세요.; 브랜드 지원 주차(무료/할인) 기준 시간과 대상 알 수 있을까요?; 브랜드 지원 주차(무료/할인) 기준 시간과 대상 관련 기준이 궁금합니다.; 브랜드 지원 주차(무료/할인) 기준 시간과 대상 관련해서 확인하고 싶습니다.,출입계에 등록된 차량에 한해 야간 작업 시간대(19:00~익일 10:00)에는 무료 지원이 가능합니다. 행사 당일 바이어와 협의하시면 일부 차량은 최대 5시간까지 추가 지원이 가능합니다.,"차량번호와 입차 시간을 사전에 공유하시고, 하역장 및 주차 기준에 맞춰 출입신청을 완료하시면 됩니다.",주차 02-2012-0074; 방재 02-2012-0119,현장 조건에 따라 가능,공통공개,운영 사례형 답변,2026-03-07,답변 입력용 표.xls; 브랜드faq_BRD.md; kakaodata,,,,,
FAQ-011,입점진행,브랜드,"8.3 차량, 주차, 하역, 동선",추가 주차 요금 및 정산 방식은 어떻게 되나요?,추가 주차 요금 및 정산 방식은 어떻게 되나요?; 추가 주차 요금 및 정산 방식을 알려주세요.; 추가 주차 요금 및 정산 방식 문의드립니다.; 추가 주차 요금 및 정산 방식 확인 부탁드립니다.; 추가 주차 요금 및 정산 방식은 어디에서 확인하나요?; 추가 주차 요금 및 정산 방식을 안내해 주세요.; 추가 주차 요금 및 정산 방식 알 수 있을까요?; 추가 주차 요금 및 정산 방식 관련 기준이 궁금합니다.; 추가 주차 요금 및 정산 방식 관련해서 확인하고 싶습니다.,"영업시간 중 주차는 주차권 구매 기준으로 운영되며, 지하 1층 방재실에서 구매하실 수 있습니다. 12시간권 금액은 21,600원입니다.","차량번호와 입차 시간을 사전에 공유하시고, 하역장 및 주차 기준에 맞춰 출입신청을 완료하시면 됩니다.",주차 02-2012-0074; 방재 02-2012-0119,현장 조건에 따라 가능,공통공개,운영 사례형 답변,2026-03-07,답변 입력용 표.xls; 브랜드faq_BRD.md; kakaodata,,,,,
FAQ-012,입점진행,브랜드,"8.3 차량, 주차, 하역, 동선",해주차장/하역장 진입 가능 차량 규격(톤수/높이 제한)이 있나요?,해주차장/하역장 진입 가능 차량 규격(톤수/높이 제한)이 있나요?; 해주차장/하역장 진입 가능 차량 규격(톤수/높이 제한)는 어떻게 되나요?; 해주차장/하역장 진입 가능 차량 규격(톤수/높이 제한)를 알려주세요.; 해주차장/하역장 진입 가능 차량 규격(톤수/높이 제한) 문의드립니다.; 해주차장/하역장 진입 가능 차량 규격(톤수/높이 제한) 확인 부탁드립니다.; 해주차장/하역장 진입 가능 차량 규격(톤수/높이 제한)는 어디에서 확인하나요?; 해주차장/하역장 진입 가능 차량 규격(톤수/높이 제한)를 안내해 주세요.; 해주차장/하역장 진입 가능 차량 규격(톤수/높이 제한) 알 수 있을까요?; 해주차장/하역장 진입 가능 차량 규격(톤수/높이 제한) 관련 기준이 궁금합니다.; 해주차장/하역장 진입 가능 차량 규격(톤수/높이 제한) 관련해서 확인하고 싶습니다.,"해주차장은 차량 높이 2.9m 이하 차량만 출입 가능합니다. 톤수 제한은 별도로 없지만 차량 길이가 지나치게 길 경우 회전차로에서 사고 위험이 있을 수 있으며, 화물 7·8·9호기를 사용하시면 됩니다.","차량번호와 입차 시간을 사전에 공유하시고, 하역장 및 주차 기준에 맞춰 출입신청을 완료하시면 됩니다.",주차 02-2012-0074; 방재 02-2012-0119,현장 조건에 따라 가능,공통공개,운영 사례형 답변,2026-03-07,답변 입력용 표.xls; 브랜드faq_BRD.md; kakaodata,,,,,
FAQ-013,입점진행,브랜드,"8.3 차량, 주차, 하역, 동선",달주차장/하역장 진입 가능 차량 규격(톤수/높이 제한)이 있나요?,달주차장/하역장 진입 가능 차량 규격(톤수/높이 제한)이 있나요?; 달주차장/하역장 진입 가능 차량 규격(톤수/높이 제한)는 어떻게 되나요?; 달주차장/하역장 진입 가능 차량 규격(톤수/높이 제한)를 알려주세요.; 달주차장/하역장 진입 가능 차량 규격(톤수/높이 제한) 문의드립니다.; 달주차장/하역장 진입 가능 차량 규격(톤수/높이 제한) 확인 부탁드립니다.; 달주차장/하역장 진입 가능 차량 규격(톤수/높이 제한)는 어디에서 확인하나요?; 달주차장/하역장 진입 가능 차량 규격(톤수/높이 제한)를 안내해 주세요.; 달주차장/하역장 진입 가능 차량 규격(톤수/높이 제한) 알 수 있을까요?; 달주차장/하역장 진입 가능 차량 규격(톤수/높이 제한) 관련 기준이 궁금합니다.; 달주차장/하역장 진입 가능 차량 규격(톤수/높이 제한) 관련해서 확인하고 싶습니다.,"달주차장은 차량 높이 3.3m 이하 차량만 출입 가능합니다. 톤수 제한은 별도로 없지만 차량 길이가 지나치게 길 경우 회전차로에서 사고 위험이 있을 수 있으며, 화물 7·8·9호기를 사용하시면 됩니다.","차량번호와 입차 시간을 사전에 공유하시고, 하역장 및 주차 기준에 맞춰 출입신청을 완료하시면 됩니다.",주차 02-2012-0074; 방재 02-2012-0119,현장 조건에 따라 가능,공통공개,운영 사례형 답변,2026-03-07,답변 입력용 표.xls; 브랜드faq_BRD.md; kakaodata,,,,,
FAQ-014,입점진행,브랜드,"8.3 차량, 주차, 하역, 동선",별주차장/하역장 진입 가능 차량 규격(톤수/높이 제한)이 있나요?,별주차장/하역장 진입 가능 차량 규격(톤수/높이 제한)이 있나요?; 별주차장/하역장 진입 가능 차량 규격(톤수/높이 제한)는 어떻게 되나요?; 별주차장/하역장 진입 가능 차량 규격(톤수/높이 제한)를 알려주세요.; 별주차장/하역장 진입 가능 차량 규격(톤수/높이 제한) 문의드립니다.; 별주차장/하역장 진입 가능 차량 규격(톤수/높이 제한) 확인 부탁드립니다.; 별주차장/하역장 진입 가능 차량 규격(톤수/높이 제한)는 어디에서 확인하나요?; 별주차장/하역장 진입 가능 차량 규격(톤수/높이 제한)를 안내해 주세요.; 별주차장/하역장 진입 가능 차량 규격(톤수/높이 제한) 알 수 있을까요?; 별주차장/하역장 진입 가능 차량 규격(톤수/높이 제한) 관련 기준이 궁금합니다.; 별주차장/하역장 진입 가능 차량 규격(톤수/높이 제한) 관련해서 확인하고 싶습니다.,"별주차장은 차량 높이 2.1m 이하 차량만 출입 가능합니다. 톤수 제한은 별도로 없지만 차량 길이가 지나치게 길 경우 회전차로에서 사고 위험이 있을 수 있으며, 화물 46호기를 사용하시면 됩니다.","차량번호와 입차 시간을 사전에 공유하시고, 하역장 및 주차 기준에 맞춰 출입신청을 완료하시면 됩니다.",주차 02-2012-0074; 방재 02-2012-0119,현장 조건에 따라 가능,공통공개,운영 사례형 답변,2026-03-07,답변 입력용 표.xls; 브랜드faq_BRD.md; kakaodata,,,,,
FAQ-015,입점진행,브랜드,"8.3 차량, 주차, 하역, 동선",물품 반입/하역 가능 시간대가 있나요?,물품 반입/하역 가능 시간대가 있나요?; 물품 반입/하역 가능 시간대는 어떻게 되나요?; 물품 반입/하역 가능 시간대를 알려주세요.; 물품 반입/하역 가능 시간대 문의드립니다.; 물품 반입/하역 가능 시간대 확인 부탁드립니다.; 물품 반입/하역 가능 시간대는 어디에서 확인하나요?; 물품 반입/하역 가능 시간대를 안내해 주세요.; 물품 반입/하역 가능 시간대 알 수 있을까요?; 물품 반입/하역 가능 시간대 관련 기준이 궁금합니다.; 물품 반입/하역 가능 시간대 관련해서 확인하고 싶습니다.,"서울특별시 용산구 한강대로23길 55(한강로 3가) 해주차장 3층 하역장 주소로 낮 시간 택배 및 화물 수령이 가능합니다. 다만 매장 세팅은 통상 오픈 전일 폐점 후, 보통 20:30 이후에 진행하시는 기준입니다.","차량번호와 입차 시간을 사전에 공유하시고, 하역장 및 주차 기준에 맞춰 출입신청을 완료하시면 됩니다.",주차 02-2012-0074; 방재 02-2012-0119,폐점 후 작업; 현장 조건에 따라 가능,공통공개,운영 사례형 답변,2026-03-07,답변 입력용 표.xls; 브랜드faq_BRD.md; kakaodata,,,,,
FAQ-016,입점진행,브랜드,"8.3 차량, 주차, 하역, 동선",입점 동선(하역장 → 엘리베이터 → 매장)과 사용 가능 동선 제한은 어떻게 되나요?,입점 동선(하역장 → 엘리베이터 → 매장)과 사용 가능 동선 제한은 어떻게 되나요?; 입점 동선(하역장 → 엘리베이터 → 매장)과 사용 가능 동선 제한을 알려주세요.; 입점 동선(하역장 → 엘리베이터 → 매장)과 사용 가능 동선 제한 문의드립니다.; 입점 동선(하역장 → 엘리베이터 → 매장)과 사용 가능 동선 제한 확인 부탁드립니다.; 입점 동선(하역장 → 엘리베이터 → 매장)과 사용 가능 동선 제한은 어디에서 확인하나요?; 입점 동선(하역장 → 엘리베이터 → 매장)과 사용 가능 동선 제한을 안내해 주세요.; 입점 동선(하역장 → 엘리베이터 → 매장)과 사용 가능 동선 제한 알 수 있을까요?; 입점 동선(하역장 → 엘리베이터 → 매장)과 사용 가능 동선 제한 관련 기준이 궁금합니다.; 입점 동선(하역장 → 엘리베이터 → 매장)과 사용 가능 동선 제한 관련해서 확인하고 싶습니다.,설치와 철수는 3층 해주차장 하역장 보안데크 또는 달주차장 3층 하역장 보안데크에서 출입증을 수령하신 뒤 이동하시면 됩니다.,"차량번호와 입차 시간을 사전에 공유하시고, 하역장 및 주차 기준에 맞춰 출입신청을 완료하시면 됩니다.",주차 02-2012-0074; 방재 02-2012-0119,-,공통공개,운영 사례형 답변,2026-03-07,답변 입력용 표.xls; 브랜드faq_BRD.md; kakaodata,,,,,
FAQ-017,입점진행,브랜드,8.4 반입/반출 및 보관,택배 수령 가능 여부와 수령 장소/시간은 어떻게 되나요?,택배 수령 가능 여부와 수령 장소/시간은 어떻게 되나요?; 택배 수령 가능 여부와 수령 장소/시간을 알려주세요.; 택배 수령 가능 여부와 수령 장소/시간 문의드립니다.; 택배 수령 가능 여부와 수령 장소/시간 확인 부탁드립니다.; 택배 수령 가능 여부와 수령 장소/시간은 어디에서 확인하나요?; 택배 수령 가능 여부와 수령 장소/시간을 안내해 주세요.; 택배 수령 가능 여부와 수령 장소/시간 알 수 있을까요?; 택배 수령 가능 여부와 수령 장소/시간 관련 기준이 궁금합니다.; 택배 수령 가능 여부와 수령 장소/시간 관련해서 확인하고 싶습니다.,"서울특별시 용산구 한강대로23길 55(한강로 3가) 해주차장 3층 하역장 주소로 택배 수령이 가능합니다. 택배 발송은 현장 택배사 직원을 만나 직접 처리하셔야 하며, 현장 상황에 따라 어려울 수 있으므로 인근 우체국 이용을 권장드립니다.","택배 수령 및 보관 일정을 담당 바이어와 협의하신 뒤, 반입·반출 동선을 확정하시면 됩니다.",담당 바이어; 하역장 운영 채널,일부 항목 불가,공통공개,운영 사례형 답변,2026-03-07,답변 입력용 표.xls; 브랜드faq_BRD.md; kakaodata,,,,,
FAQ-018,입점진행,브랜드,8.4 반입/반출 및 보관,임시 보관 공간 제공 여부와 보관 가능 기간은 어떻게 되나요?,임시 보관 공간 제공 여부와 보관 가능 기간은 어떻게 되나요?; 임시 보관 공간 제공 여부와 보관 가능 기간을 알려주세요.; 임시 보관 공간 제공 여부와 보관 가능 기간 문의드립니다.; 임시 보관 공간 제공 여부와 보관 가능 기간 확인 부탁드립니다.; 임시 보관 공간 제공 여부와 보관 가능 기간은 어디에서 확인하나요?; 임시 보관 공간 제공 여부와 보관 가능 기간을 안내해 주세요.; 임시 보관 공간 제공 여부와 보관 가능 기간 알 수 있을까요?; 임시 보관 공간 제공 여부와 보관 가능 기간 관련 기준이 궁금합니다.; 임시 보관 공간 제공 여부와 보관 가능 기간 관련해서 확인하고 싶습니다.,"현장 상황에 따라 제한적으로 보관이 가능하지만, 바이어와 보관 장소 및 기간을 사전에 협의하셔야 합니다.","택배 수령 및 보관 일정을 담당 바이어와 협의하신 뒤, 반입·반출 동선을 확정하시면 됩니다.",담당 바이어; 하역장 운영 채널,사전 신청/협의; 현장 조건에 따라 가능,공통공개,확인 필요형 답변,2026-03-07,답변 입력용 표.xls; 브랜드faq_BRD.md; kakaodata,,,,,
FAQ-019,입점진행,브랜드,8.4 반입/반출 및 보관,반출 시 필요한 승인(전표/증빙/보안 확인) 절차는 어떻게 되나요?,반출 시 필요한 승인(전표/증빙/보안 확인) 절차는 어떻게 되나요?; 반출 시 필요한 승인(전표/증빙/보안 확인) 절차를 알려주세요.; 반출 시 필요한 승인(전표/증빙/보안 확인) 절차 문의드립니다.; 반출 시 필요한 승인(전표/증빙/보안 확인) 절차 확인 부탁드립니다.; 반출 시 필요한 승인(전표/증빙/보안 확인) 절차는 어디에서 확인하나요?; 반출 시 필요한 승인(전표/증빙/보안 확인) 절차를 안내해 주세요.; 반출 시 필요한 승인(전표/증빙/보안 확인) 절차 알 수 있을까요?; 반출 시 필요한 승인(전표/증빙/보안 확인) 절차 관련 기준이 궁금합니다.; 반출 시 필요한 승인(전표/증빙/보안 확인) 절차 관련해서 확인하고 싶습니다.,설치 및 철수 출입은 출입신청 후 보안데크에서 출입증을 수령하는 절차를 먼저 확인하시면 됩니다.,"택배 수령 및 보관 일정을 담당 바이어와 협의하신 뒤, 반입·반출 동선을 확정하시면 됩니다.",담당 바이어; 하역장 운영 채널,-,공통공개,확정 정책형 답변,2026-03-07,답변 입력용 표.xls; 브랜드faq_BRD.md; kakaodata,,,,,
FAQ-020,입점진행,브랜드,8.5 매장 시설 및 공사,"기본 제공 설비(전기, 조명, 급배수, 통신)는 어디까지인가?","기본 제공 설비(전기, 조명, 급배수, 통신)는 어디까지인가?; 기본 제공 설비(전기, 조명, 급배수, 통신)는 어디까지인가는 어떻게 되나요?; 기본 제공 설비(전기, 조명, 급배수, 통신)는 어디까지인가를 알려주세요.; 기본 제공 설비(전기, 조명, 급배수, 통신)는 어디까지인가 문의드립니다.; 기본 제공 설비(전기, 조명, 급배수, 통신)는 어디까지인가 확인 부탁드립니다.; 기본 제공 설비(전기, 조명, 급배수, 통신)는 어디까지인가는 어디에서 확인하나요?; 기본 제공 설비(전기, 조명, 급배수, 통신)는 어디까지인가를 안내해 주세요.; 기본 제공 설비(전기, 조명, 급배수, 통신)는 어디까지인가 알 수 있을까요?; 기본 제공 설비(전기, 조명, 급배수, 통신)는 어디까지인가 관련 기준이 궁금합니다.; 기본 제공 설비(전기, 조명, 급배수, 통신)는 어디까지인가 관련해서 확인하고 싶습니다.",행사 장소에 따라 설비 제약이 있을 수 있으므로 바이어에게 사전 문의가 필요합니다. 특정매입 계약을 체결한 브랜드는 전기 및 수도 사용료가 입점 수수료에 포함되어 있어 별도 관리비가 부과되지 않습니다.,"작업 전에 시설 및 전기 담당과 사전 확인을 진행하시고, 공사·설치 가능 시간에 맞춰 진행하시면 됩니다.",시설 02-2012-0070; 전기 02-2012-0087; 방재 02-2012-0119,사전 신청/협의,공통공개,확인 필요형 답변,2026-03-07,답변 입력용 표.xls; 브랜드faq_BRD.md; kakaodata,,,,,
FAQ-021,입점진행,브랜드,8.5 매장 시설 및 공사,추가 전력 증설 가능 여부와 신청 리드타임은 어떻게 되나요?,추가 전력 증설 가능 여부와 신청 리드타임은 어떻게 되나요?; 추가 전력 증설 가능 여부와 신청 리드타임을 알려주세요.; 추가 전력 증설 가능 여부와 신청 리드타임 문의드립니다.; 추가 전력 증설 가능 여부와 신청 리드타임 확인 부탁드립니다.; 추가 전력 증설 가능 여부와 신청 리드타임은 어디에서 확인하나요?; 추가 전력 증설 가능 여부와 신청 리드타임을 안내해 주세요.; 추가 전력 증설 가능 여부와 신청 리드타임 알 수 있을까요?; 추가 전력 증설 가능 여부와 신청 리드타임 관련 기준이 궁금합니다.; 추가 전력 증설 가능 여부와 신청 리드타임 관련해서 확인하고 싶습니다.,"전기 추가 사용은 가능하지만 과부하 방지를 위해 저용량 기준으로 먼저 검토되며, 전기팀(02-2012-0087) 확인 후 진행하시면 됩니다.","작업 전에 시설 및 전기 담당과 사전 확인을 진행하시고, 공사·설치 가능 시간에 맞춰 진행하시면 됩니다.",시설 02-2012-0070; 전기 02-2012-0087; 방재 02-2012-0119,현장 조건에 따라 가능,공통공개,운영 사례형 답변,2026-03-07,답변 입력용 표.xls; 브랜드faq_BRD.md; kakaodata,,,,,
FAQ-022,입점진행,브랜드,8.5 매장 시설 및 공사,"공사 가능 시간, 소음 작업 제한, 화기 작업 승인 절차는어떻게 되나요?","공사 가능 시간, 소음 작업 제한, 화기 작업 승인 절차는어떻게 되나요?; 공사 가능 시간, 소음 작업 제한, 화기 작업 승인 절차는 어떻게 되나요?; 공사 가능 시간, 소음 작업 제한, 화기 작업 승인 절차를 알려주세요.; 공사 가능 시간, 소음 작업 제한, 화기 작업 승인 절차 문의드립니다.; 공사 가능 시간, 소음 작업 제한, 화기 작업 승인 절차 확인 부탁드립니다.; 공사 가능 시간, 소음 작업 제한, 화기 작업 승인 절차는 어디에서 확인하나요?; 공사 가능 시간, 소음 작업 제한, 화기 작업 승인 절차를 안내해 주세요.; 공사 가능 시간, 소음 작업 제한, 화기 작업 승인 절차 알 수 있을까요?; 공사 가능 시간, 소음 작업 제한, 화기 작업 승인 절차 관련 기준이 궁금합니다.; 공사 가능 시간, 소음 작업 제한, 화기 작업 승인 절차 관련해서 확인하고 싶습니다.",설치와 세팅은 통상 폐점 후인 20:30 이후에 진행하시면 됩니다. 영업시간 중에는 진열 및 준비 작업을 진행하지 않으시는 것을 권장드립니다.,"작업 전에 시설 및 전기 담당과 사전 확인을 진행하시고, 공사·설치 가능 시간에 맞춰 진행하시면 됩니다.",시설 02-2012-0070; 전기 02-2012-0087; 방재 02-2012-0119,폐점 후 작업,공통공개,운영 사례형 답변,2026-03-07,답변 입력용 표.xls; 브랜드faq_BRD.md; kakaodata,,,,,
FAQ-023,입점진행,브랜드,8.5 매장 시설 및 공사,"원상복구 기준(마감재, 집기 철거, 폐기물 처리)은 무엇인가요?","원상복구 기준(마감재, 집기 철거, 폐기물 처리)은 무엇인가요?; 원상복구 기준(마감재, 집기 철거, 폐기물 처리)은 무엇은 어떻게 되나요?; 원상복구 기준(마감재, 집기 철거, 폐기물 처리)은 무엇을 알려주세요.; 원상복구 기준(마감재, 집기 철거, 폐기물 처리)은 무엇 문의드립니다.; 원상복구 기준(마감재, 집기 철거, 폐기물 처리)은 무엇 확인 부탁드립니다.; 원상복구 기준(마감재, 집기 철거, 폐기물 처리)은 무엇은 어디에서 확인하나요?; 원상복구 기준(마감재, 집기 철거, 폐기물 처리)은 무엇을 안내해 주세요.; 원상복구 기준(마감재, 집기 철거, 폐기물 처리)은 무엇 알 수 있을까요?; 원상복구 기준(마감재, 집기 철거, 폐기물 처리)은 무엇 관련 기준이 궁금합니다.; 원상복구 기준(마감재, 집기 철거, 폐기물 처리)은 무엇 관련해서 확인하고 싶습니다.",해주차장 3층 하역장에 폐기장이 마련되어 있습니다. 대형 폐기물은 현장에서 비용을 결제하신 뒤 폐기하실 수 있습니다.,"작업 전에 시설 및 전기 담당과 사전 확인을 진행하시고, 공사·설치 가능 시간에 맞춰 진행하시면 됩니다.",시설 02-2012-0070; 전기 02-2012-0087; 방재 02-2012-0119,현장 조건에 따라 가능,공통공개,운영 사례형 답변,2026-03-07,답변 입력용 표.xls; 브랜드faq_BRD.md; kakaodata,,,,,
FAQ-024,입점진행,브랜드,8.5 매장 시설 및 공사,공사 중 안전관리자 배치 또는 보험 가입 의무가 있나요?,공사 중 안전관리자 배치 또는 보험 가입 의무가 있나요?; 공사 중 안전관리자 배치 또는 보험 가입 의무는 어떻게 되나요?; 공사 중 안전관리자 배치 또는 보험 가입 의무를 알려주세요.; 공사 중 안전관리자 배치 또는 보험 가입 의무 문의드립니다.; 공사 중 안전관리자 배치 또는 보험 가입 의무 확인 부탁드립니다.; 공사 중 안전관리자 배치 또는 보험 가입 의무는 어디에서 확인하나요?; 공사 중 안전관리자 배치 또는 보험 가입 의무를 안내해 주세요.; 공사 중 안전관리자 배치 또는 보험 가입 의무 알 수 있을까요?; 공사 중 안전관리자 배치 또는 보험 가입 의무 관련 기준이 궁금합니다.; 공사 중 안전관리자 배치 또는 보험 가입 의무 관련해서 확인하고 싶습니다.,"지게차를 사용하실 경우에는 신호수를 반드시 확보하셔야 합니다. 별도 안전관리자 배치는 필요하지 않지만, 필요에 따라 영업보험은 개별적으로 가입하실 수 있습니다.","작업 전에 시설 및 전기 담당과 사전 확인을 진행하시고, 공사·설치 가능 시간에 맞춰 진행하시면 됩니다.",시설 02-2012-0070; 전기 02-2012-0087; 방재 02-2012-0119,현장 조건에 따라 가능,공통공개,운영 사례형 답변,2026-03-07,답변 입력용 표.xls; 브랜드faq_BRD.md; kakaodata,,,,,
FAQ-025,매장운영,공통,8.12 POS,POS 연동 또는 매출 보고 방식은 무엇인가요?,POS 연동 또는 매출 보고 방식은 무엇인가요?; POS 연동 또는 매출 보고 방식은 무엇은 어떻게 되나요?; POS 연동 또는 매출 보고 방식은 무엇을 알려주세요.; POS 연동 또는 매출 보고 방식은 무엇 문의드립니다.; POS 연동 또는 매출 보고 방식은 무엇 확인 부탁드립니다.; POS 연동 또는 매출 보고 방식은 무엇은 어디에서 확인하나요?; POS 연동 또는 매출 보고 방식은 무엇을 안내해 주세요.; POS 연동 또는 매출 보고 방식은 무엇 알 수 있을까요?; POS 연동 또는 매출 보고 방식은 무엇 관련 기준이 궁금합니다.; POS 연동 또는 매출 보고 방식은 무엇 관련해서 확인하고 싶습니다.,현장 POS는 상품 스캔형이 아닌 최종 결제금액 합계 입력 방식으로 운영된 사례가 확인됩니다. 별도 연동은 불가하므로 재고관리를 위해 브랜드 자체 POS나 노트북을 함께 준비하시는 것을 권장드립니다.,"운영 기준을 숙지하시고, 이슈가 발생하면 고객상담실 또는 담당 바이어 채널로 접수하시면 됩니다.",고객상담실 02-2012-0000/0002; 전산/POS 02-2012-0200,일부 항목 불가,공통공개,운영 사례형 답변,2026-03-07,답변 입력용 표.xls; 브랜드faq_BRD.md; kakaodata,,"./references/manual/아이파크몰 용산점 리빙,패션,팝업-POS 매뉴얼.pdf; ./references/manual/아이파크몰 용산점 FnB-POS 매뉴얼_협력사원 교육용.pdf",,,
FAQ-026,매장운영,공통,8.6 매장 운영 및 서비스 기준,매장 내 음악/향기기기/확성기 사용 제한이 있나요?,매장 내 음악/향기기기/확성기 사용 제한이 있나요?; 매장 내 음악/향기기기/확성기 사용 제한은 어떻게 되나요?; 매장 내 음악/향기기기/확성기 사용 제한을 알려주세요.; 매장 내 음악/향기기기/확성기 사용 제한 문의드립니다.; 매장 내 음악/향기기기/확성기 사용 제한 확인 부탁드립니다.; 매장 내 음악/향기기기/확성기 사용 제한은 어디에서 확인하나요?; 매장 내 음악/향기기기/확성기 사용 제한을 안내해 주세요.; 매장 내 음악/향기기기/확성기 사용 제한 알 수 있을까요?; 매장 내 음악/향기기기/확성기 사용 제한 관련 기준이 궁금합니다.; 매장 내 음악/향기기기/확성기 사용 제한 관련해서 확인하고 싶습니다.,"음악, 향기기기, 확성기 사용은 바이어 확인 후 가능합니다. 다만 다른 매장에 피해를 줄 수 있는 운영은 제한됩니다.","운영 기준을 숙지하시고, 이슈가 발생하면 고객상담실 또는 담당 바이어 채널로 접수하시면 됩니다.",고객상담실 02-2012-0000/0002; 전산/POS 02-2012-0200,일부 항목 불가,공통공개,운영 사례형 답변,2026-03-07,답변 입력용 표.xls; 브랜드faq_BRD.md; kakaodata,,,,,
FAQ-027,매장운영,공통,8.6 매장 운영 및 서비스 기준,"샘플링, 시식, 체험 이벤트 운영 허용 범위는 어떻게 되나요?","샘플링, 시식, 체험 이벤트 운영 허용 범위는 어떻게 되나요?; 샘플링, 시식, 체험 이벤트 운영 허용 범위를 알려주세요.; 샘플링, 시식, 체험 이벤트 운영 허용 범위 문의드립니다.; 샘플링, 시식, 체험 이벤트 운영 허용 범위 확인 부탁드립니다.; 샘플링, 시식, 체험 이벤트 운영 허용 범위는 어디에서 확인하나요?; 샘플링, 시식, 체험 이벤트 운영 허용 범위를 안내해 주세요.; 샘플링, 시식, 체험 이벤트 운영 허용 범위 알 수 있을까요?; 샘플링, 시식, 체험 이벤트 운영 허용 범위 관련 기준이 궁금합니다.; 샘플링, 시식, 체험 이벤트 운영 허용 범위 관련해서 확인하고 싶습니다.","[제조음료 판매 원칙] 금액을 받고 현장에서 음료를 제조해 판매하시는 경우에는 일반음식점 또는 휴게음식점 기준의 영업신고가 필요합니다. 또한 보건증을 준비해 주셔야 하며, 음료 제조에 사용하는 원료에는 한글 표시사항이 부착되어 있어야 합니다. 근무자는 위생모와 마스크를 착용하셔야 하고, 투명 가드를 사용하는 것도 가능합니다. 현장에서 완제품을 시음만 진행하시는 경우에는 영업신고는 필요하지 않지만, 보건증과 한글 표시사항, 위생모 및 마스크는 동일하게 준비해 주셔야 합니다. 밀봉된 완제품만 판매하시는 경우에는 한글 표시사항이 부착된 제품만 판매하시면 됩니다.","운영 기준을 숙지하시고, 이슈가 발생하면 고객상담실 또는 담당 바이어 채널로 접수하시면 됩니다.",고객상담실 02-2012-0000/0002; 전산/POS 02-2012-0200,현장 조건에 따라 가능,공통공개,운영 사례형 답변,2026-03-07,답변 입력용 표.xls; 브랜드faq_BRD.md; kakaodata,,,,,
FAQ-028,매장운영,공통,8.6 매장 운영 및 서비스 기준,고객 컴플레인 1차 대응 주체와 에스컬레이션 절차는 어떻게 되나요?,고객 컴플레인 1차 대응 주체와 에스컬레이션 절차는 어떻게 되나요?; 고객 컴플레인 1차 대응 주체와 에스컬레이션 절차를 알려주세요.; 고객 컴플레인 1차 대응 주체와 에스컬레이션 절차 문의드립니다.; 고객 컴플레인 1차 대응 주체와 에스컬레이션 절차 확인 부탁드립니다.; 고객 컴플레인 1차 대응 주체와 에스컬레이션 절차는 어디에서 확인하나요?; 고객 컴플레인 1차 대응 주체와 에스컬레이션 절차를 안내해 주세요.; 고객 컴플레인 1차 대응 주체와 에스컬레이션 절차 알 수 있을까요?; 고객 컴플레인 1차 대응 주체와 에스컬레이션 절차 관련 기준이 궁금합니다.; 고객 컴플레인 1차 대응 주체와 에스컬레이션 절차 관련해서 확인하고 싶습니다.,고객 상담실(02-2012-0000 또는 02-2012-0002)로 연락하시면 됩니다. 아이파크몰 APP에 고객 문의를 남기시는 방법도 가능합니다.,"운영 기준을 숙지하시고, 이슈가 발생하면 고객상담실 또는 담당 바이어 채널로 접수하시면 됩니다.",고객상담실 02-2012-0000/0002; 전산/POS 02-2012-0200,-,공통공개,확정 정책형 답변,2026-03-07,답변 입력용 표.xls; 브랜드faq_BRD.md; kakaodata,,,,,
FAQ-029,매장운영,공통,8.6 매장 운영 및 서비스 기준,"분실물, 유실물, 사고 발생 시 신고 체계는어떻게 되나요?","분실물, 유실물, 사고 발생 시 신고 체계는어떻게 되나요?; 분실물, 유실물, 사고 발생 시 신고 체계는 어떻게 되나요?; 분실물, 유실물, 사고 발생 시 신고 체계를 알려주세요.; 분실물, 유실물, 사고 발생 시 신고 체계 문의드립니다.; 분실물, 유실물, 사고 발생 시 신고 체계 확인 부탁드립니다.; 분실물, 유실물, 사고 발생 시 신고 체계는 어디에서 확인하나요?; 분실물, 유실물, 사고 발생 시 신고 체계를 안내해 주세요.; 분실물, 유실물, 사고 발생 시 신고 체계 알 수 있을까요?; 분실물, 유실물, 사고 발생 시 신고 체계 관련 기준이 궁금합니다.; 분실물, 유실물, 사고 발생 시 신고 체계 관련해서 확인하고 싶습니다.",패션파크 6층 닥터마틴 매장 옆 고객상담실에 방문하셔서 접수하시면 됩니다.,"운영 기준을 숙지하시고, 이슈가 발생하면 고객상담실 또는 담당 바이어 채널로 접수하시면 됩니다.",고객상담실 02-2012-0000/0002; 전산/POS 02-2012-0200,-,공통공개,확정 정책형 답변,2026-03-07,답변 입력용 표.xls; 브랜드faq_BRD.md; kakaodata,,,,,
FAQ-030,매장운영,공통,8.7 매장 비품/쇼핑백/내선전화/POS,쇼핑백 비용은 얼마인가요?,쇼핑백 비용은 얼마인가요?; 쇼핑백 비용은 얼마는 어떻게 되나요?; 쇼핑백 비용은 얼마를 알려주세요.; 쇼핑백 비용은 얼마 문의드립니다.; 쇼핑백 비용은 얼마 확인 부탁드립니다.; 쇼핑백 비용은 얼마는 어디에서 확인하나요?; 쇼핑백 비용은 얼마를 안내해 주세요.; 쇼핑백 비용은 얼마 알 수 있을까요?; 쇼핑백 비용은 얼마 관련 기준이 궁금합니다.; 쇼핑백 비용은 얼마 관련해서 확인하고 싶습니다.,"무상 제공으로 운영되며, 아이파크몰 제공 쇼핑백을 유상으로 판매하실 수는 없습니다.","불출 및 신청 일정에 맞춰 비품·POS 요청을 접수하시고, 현장 수령 및 설치 여부를 확인하시면 됩니다.",전산/POS 02-2012-0200; KT 02-2012-2200; 담당 바이어,-,공통공개,운영 사례형 답변,2026-03-07,답변 입력용 표.xls; 브랜드faq_BRD.md; kakaodata,,,,,
FAQ-031,매장운영,공통,8.7 매장 비품/쇼핑백/내선전화/POS,쇼핑백 수령 위치와 수령 가능 시간은 어떻게 되나요?,쇼핑백 수령 위치와 수령 가능 시간은 어떻게 되나요?; 쇼핑백 수령 위치와 수령 가능 시간을 알려주세요.; 쇼핑백 수령 위치와 수령 가능 시간 문의드립니다.; 쇼핑백 수령 위치와 수령 가능 시간 확인 부탁드립니다.; 쇼핑백 수령 위치와 수령 가능 시간은 어디에서 확인하나요?; 쇼핑백 수령 위치와 수령 가능 시간을 안내해 주세요.; 쇼핑백 수령 위치와 수령 가능 시간 알 수 있을까요?; 쇼핑백 수령 위치와 수령 가능 시간 관련 기준이 궁금합니다.; 쇼핑백 수령 위치와 수령 가능 시간 관련해서 확인하고 싶습니다.,"정해진 날짜와 시간에 별주차장 지하 3층 7번 기둥 뒤쪽에서 불출합니다. 불출 가능 일자는 매월 상이하므로, 담당 바이어에게 문의 바랍니다.","불출 및 신청 일정에 맞춰 비품·POS 요청을 접수하시고, 현장 수령 및 설치 여부를 확인하시면 됩니다.",전산/POS 02-2012-0200; KT 02-2012-2200; 담당 바이어,-,공통공개,운영 사례형 답변,2026-03-07,답변 입력용 표.xls; 브랜드faq_BRD.md; kakaodata,,,,,
FAQ-032,매장운영,공통,8.7 매장 비품/쇼핑백/내선전화/POS,쇼핑백 제공 가능 사이즈와 주문/추가 요청 방법은 어떻게 되나요?,쇼핑백 제공 가능 사이즈와 주문/추가 요청 방법은 어떻게 되나요?; 쇼핑백 제공 가능 사이즈와 주문/추가 요청 방법을 알려주세요.; 쇼핑백 제공 가능 사이즈와 주문/추가 요청 방법 문의드립니다.; 쇼핑백 제공 가능 사이즈와 주문/추가 요청 방법 확인 부탁드립니다.; 쇼핑백 제공 가능 사이즈와 주문/추가 요청 방법은 어디에서 확인하나요?; 쇼핑백 제공 가능 사이즈와 주문/추가 요청 방법을 안내해 주세요.; 쇼핑백 제공 가능 사이즈와 주문/추가 요청 방법 알 수 있을까요?; 쇼핑백 제공 가능 사이즈와 주문/추가 요청 방법 관련 기준이 궁금합니다.; 쇼핑백 제공 가능 사이즈와 주문/추가 요청 방법 관련해서 확인하고 싶습니다.,"쇼핑백은 소형, 중형, 대형, 특대형으로 운영되며, 별주차장 지하 3층에서 필요한 수량만큼 직접 수령하시면 됩니다.","불출 및 신청 일정에 맞춰 비품·POS 요청을 접수하시고, 현장 수령 및 설치 여부를 확인하시면 됩니다.",전산/POS 02-2012-0200; KT 02-2012-2200; 담당 바이어,-,공통공개,운영 사례형 답변,2026-03-07,답변 입력용 표.xls; 브랜드faq_BRD.md; kakaodata,,,,,
FAQ-033,매장운영,공통,8.13 유선전화,"내선전화 신청 절차, 설치 리드타임, 비용 부담 기준은 어떻게 되나요?","내선전화 신청 절차, 설치 리드타임, 비용 부담 기준은 어떻게 되나요?; 내선전화 신청 절차, 설치 리드타임, 비용 부담 기준을 알려주세요.; 내선전화 신청 절차, 설치 리드타임, 비용 부담 기준 문의드립니다.; 내선전화 신청 절차, 설치 리드타임, 비용 부담 기준 확인 부탁드립니다.; 내선전화 신청 절차, 설치 리드타임, 비용 부담 기준은 어디에서 확인하나요?; 내선전화 신청 절차, 설치 리드타임, 비용 부담 기준을 안내해 주세요.; 내선전화 신청 절차, 설치 리드타임, 비용 부담 기준 알 수 있을까요?; 내선전화 신청 절차, 설치 리드타임, 비용 부담 기준 내용이 궁금합니다.; 내선전화 신청 절차, 설치 리드타임, 비용 부담 기준 관련해서 확인하고 싶습니다.","신규 회선은 02-2012-2200(KT 아이파크몰사무소, 2F 유니클로 매장 내)로 신청하시면 됩니다. 번호 발급 후에는 개별 바이어에게 매장 번호를 전달해 주셔야 하며, 신청 다음 날 반영되므로 입점 전에 사전 등록을 권장드립니다. 기존 회선 명의변경은 인수자와 인계자 모두 개인사업자 자격이 필요하며, 신분증과 사업자등록증을 지참해 KT플라자 용산점을 방문하셔야 합니다. 명의변경은 점내 사무소에서 처리되지 않습니다.","불출 및 신청 일정에 맞춰 비품·POS 요청을 접수하시고, 현장 수령 및 설치 여부를 확인하시면 됩니다.",전산/POS 02-2012-0200; KT 02-2012-2200; 담당 바이어,사전 신청/협의; 일부 항목 불가,공통공개,운영 사례형 답변,2026-03-07,답변 입력용 표.xls; 브랜드faq_BRD.md; kakaodata,,./references/manual/내선 전화 신청 방법.pdf,,,
FAQ-034,매장운영,공통,8.12 POS,POS 사용 방법 안내 채널(매뉴얼/교육/현장 지원)과 문의처는 어떻게 되나요?,POS 사용 방법 안내 채널(매뉴얼/교육/현장 지원)과 문의처는 어떻게 되나요?; POS 사용 방법 안내 채널(매뉴얼/교육/현장 지원)과 문의처를 알려주세요.; POS 사용 방법 안내 채널(매뉴얼/교육/현장 지원)과 문의처 문의드립니다.; POS 사용 방법 안내 채널(매뉴얼/교육/현장 지원)과 문의처 확인 부탁드립니다.; POS 사용 방법 안내 채널(매뉴얼/교육/현장 지원)과 문의처는 어디에서 확인하나요?; POS 사용 방법 안내 채널(매뉴얼/교육/현장 지원)과 문의처를 안내해 주세요.; POS 사용 방법 안내 채널(매뉴얼/교육/현장 지원)과 문의처 알 수 있을까요?; POS 사용 방법 안내 채널(매뉴얼/교육/현장 지원)과 문의처 관련 기준이 궁금합니다.; POS 사용 방법 안내 채널(매뉴얼/교육/현장 지원)과 문의처 관련해서 확인하고 싶습니다.,"POS 매뉴얼은 첨부파일 참고 바라며, 오픈 전 현장 사용 교육 바이어를 통해 진행됩니다.","불출 및 신청 일정에 맞춰 비품·POS 요청을 접수하시고, 현장 수령 및 설치 여부를 확인하시면 됩니다.",전산/POS 02-2012-0200; KT 02-2012-2200; 담당 바이어,사전 신청/협의,공통공개,운영 사례형 답변,2026-03-07,답변 입력용 표.xls; 브랜드faq_BRD.md; kakaodata,,"./references/manual/아이파크몰 용산점 리빙,패션,팝업-POS 매뉴얼.pdf; ./references/manual/아이파크몰 용산점 FnB-POS 매뉴얼_협력사원 교육용.pdf",,,
FAQ-035,매장운영,공통,8.12 POS,POS 장애 발생 시 즉시 대응 연락처와 처리 SLA는 어떻게 되나요?,POS 장애 발생 시 즉시 대응 연락처와 처리 SLA는 어떻게 되나요?; POS 장애 발생 시 즉시 대응 연락처와 처리 SLA를 알려주세요.; POS 장애 발생 시 즉시 대응 연락처와 처리 SLA 문의드립니다.; POS 장애 발생 시 즉시 대응 연락처와 처리 SLA 확인 부탁드립니다.; POS 장애 발생 시 즉시 대응 연락처와 처리 SLA는 어디에서 확인하나요?; POS 장애 발생 시 즉시 대응 연락처와 처리 SLA를 안내해 주세요.; POS 장애 발생 시 즉시 대응 연락처와 처리 SLA 알 수 있을까요?; POS 장애 발생 시 즉시 대응 연락처와 처리 SLA 관련 기준이 궁금합니다.; POS 장애 발생 시 즉시 대응 연락처와 처리 SLA 관련해서 확인하고 싶습니다.,POS 장애가 발생하면 전산실(02-2012-0200)로 연락하시면 점검 연계가 가능합니다.,"불출 및 신청 일정에 맞춰 비품·POS 요청을 접수하시고, 현장 수령 및 설치 여부를 확인하시면 됩니다.",전산/POS 02-2012-0200; KT 02-2012-2200; 담당 바이어,-,공통공개,확정 정책형 답변,2026-03-07,답변 입력용 표.xls; 브랜드faq_BRD.md; kakaodata,,"./references/manual/아이파크몰 용산점 리빙,패션,팝업-POS 매뉴얼.pdf; ./references/manual/아이파크몰 용산점 FnB-POS 매뉴얼_협력사원 교육용.pdf",,,
FAQ-036,입점진행,공통,8.8 인력 운영 및 교육,브랜드 스태프 필수 이수 교육(안전/CS/보안)이 있나요?,브랜드 스태프 필수 이수 교육(안전/CS/보안)이 있나요?; 브랜드 스태프 필수 이수 교육(안전/CS/보안)는 어떻게 되나요?; 브랜드 스태프 필수 이수 교육(안전/CS/보안)를 알려주세요.; 브랜드 스태프 필수 이수 교육(안전/CS/보안) 문의드립니다.; 브랜드 스태프 필수 이수 교육(안전/CS/보안) 확인 부탁드립니다.; 브랜드 스태프 필수 이수 교육(안전/CS/보안)는 어디에서 확인하나요?; 브랜드 스태프 필수 이수 교육(안전/CS/보안)를 안내해 주세요.; 브랜드 스태프 필수 이수 교육(안전/CS/보안) 알 수 있을까요?; 브랜드 스태프 필수 이수 교육(안전/CS/보안) 관련 기준이 궁금합니다.; 브랜드 스태프 필수 이수 교육(안전/CS/보안) 관련해서 확인하고 싶습니다.,정규 입점 브랜드는 신규 입점 교육을 1회 수강하시는 것을 권장드립니다.,"입점 전에 교육과 출입증 등록을 완료하시고, 근무 규정을 직원분들께 공유하시면 됩니다.",담당 바이어; 보안 02-2012-4112,-,공통공개,운영 사례형 답변,2026-03-07,답변 입력용 표.xls; 브랜드faq_BRD.md; kakaodata,,,,,
FAQ-037,입점진행,공통,8.8 인력 운영 및 교육,유니폼/명찰/출입카드 착용 기준은 어떻게 되나요?,유니폼/명찰/출입카드 착용 기준은 어떻게 되나요?; 유니폼/명찰/출입카드 착용 기준을 알려주세요.; 유니폼/명찰/출입카드 착용 기준 문의드립니다.; 유니폼/명찰/출입카드 착용 기준 확인 부탁드립니다.; 유니폼/명찰/출입카드 착용 기준은 어디에서 확인하나요?; 유니폼/명찰/출입카드 착용 기준을 안내해 주세요.; 유니폼/명찰/출입카드 착용 기준 알 수 있을까요?; 유니폼/명찰/출입카드 착용 기준 내용이 궁금합니다.; 유니폼/명찰/출입카드 착용 기준 관련해서 확인하고 싶습니다.,협력사원 모바일 앱에 가입하시면 모바일 출입증 발급이 가능합니다. 자세한 내용은 첨부파일을 참고해 주세요.,"입점 전에 교육과 출입증 등록을 완료하시고, 근무 규정을 직원분들께 공유하시면 됩니다.",담당 바이어; 보안 02-2012-4112,현장 조건에 따라 가능,공통공개,운영 사례형 답변,2026-03-07,답변 입력용 표.xls; 브랜드faq_BRD.md; kakaodata,,,,,
FAQ-038,입점진행,공통,8.8 인력 운영 및 교육,근무 중 식사/휴게 공간 사용 규정은 어떻게 되나요?,근무 중 식사/휴게 공간 사용 규정은 어떻게 되나요?; 근무 중 식사/휴게 공간 사용 규정을 알려주세요.; 근무 중 식사/휴게 공간 사용 규정 문의드립니다.; 근무 중 식사/휴게 공간 사용 규정 확인 부탁드립니다.; 근무 중 식사/휴게 공간 사용 규정은 어디에서 확인하나요?; 근무 중 식사/휴게 공간 사용 규정을 안내해 주세요.; 근무 중 식사/휴게 공간 사용 규정 알 수 있을까요?; 근무 중 식사/휴게 공간 사용 규정 관련 기준이 궁금합니다.; 근무 중 식사/휴게 공간 사용 규정 관련해서 확인하고 싶습니다.,"팝업 매장을 비우지 않도록 교차근무를 권장드립니다. 직원 휴게 공간은 패션파크 4F, 리빙파크 5F, D7 등에 위치해 있습니다.","입점 전에 교육과 출입증 등록을 완료하시고, 근무 규정을 직원분들께 공유하시면 됩니다.",담당 바이어; 보안 02-2012-4112,-,공통공개,운영 사례형 답변,2026-03-07,답변 입력용 표.xls; 브랜드faq_BRD.md; kakaodata,,,,,
FAQ-039,매장운영,공통,8.9 정산 및 행정,대금 정산 주기(일/주/월)와 지급 일정은 어떻게 되나요?,대금 정산 주기(일/주/월)와 지급 일정은 어떻게 되나요?; 대금 정산 주기(일/주/월)와 지급 일정을 알려주세요.; 대금 정산 주기(일/주/월)와 지급 일정 문의드립니다.; 대금 정산 주기(일/주/월)와 지급 일정 확인 부탁드립니다.; 대금 정산 주기(일/주/월)와 지급 일정은 어디에서 확인하나요?; 대금 정산 주기(일/주/월)와 지급 일정을 안내해 주세요.; 대금 정산 주기(일/주/월)와 지급 일정 알 수 있을까요?; 대금 정산 주기(일/주/월)와 지급 일정 관련 기준이 궁금합니다.; 대금 정산 주기(일/주/월)와 지급 일정 관련해서 확인하고 싶습니다.,"대금은 월별로 정산되며, 월초에 트러스빌 사이트에서 역발행 세금계산서를 협력사에서 직접 승인하신 뒤 익월 25일 입금되는 기준으로 진행됩니다.","월초 정산 일정에 맞춰 트러스빌에서 세금계산서를 승인하시고, 입금 일정을 확인하시면 됩니다.",트러스빌; 담당 바이어,-,공통공개,운영 사례형 답변,2026-03-07,답변 입력용 표.xls; 브랜드faq_BRD.md; kakaodata,,,,,
FAQ-040,매장운영,공통,8.9 정산 및 행정,대금 정산서 확인 및 이의신청 마감일 기준은 어떻게 되나요?,대금 정산서 확인 및 이의신청 마감일 기준은 어떻게 되나요?; 대금 정산서 확인 및 이의신청 마감일 기준을 알려주세요.; 대금 정산서 확인 및 이의신청 마감일 기준 문의드립니다.; 대금 정산서 확인 및 이의신청 마감일 기준 확인 부탁드립니다.; 대금 정산서 확인 및 이의신청 마감일 기준은 어디에서 확인하나요?; 대금 정산서 확인 및 이의신청 마감일 기준을 안내해 주세요.; 대금 정산서 확인 및 이의신청 마감일 기준 알 수 있을까요?; 대금 정산서 확인 및 이의신청 마감일 기준 내용이 궁금합니다.; 대금 정산서 확인 및 이의신청 마감일 기준 관련해서 확인하고 싶습니다.,"역발행 세금계산서를 확인하신 뒤, 이상이 있으면 바이어에게 바로 문의하시면 됩니다.","월초 정산 일정에 맞춰 트러스빌에서 세금계산서를 승인하시고, 입금 일정을 확인하시면 됩니다.",트러스빌; 담당 바이어,-,공통공개,운영 사례형 답변,2026-03-07,답변 입력용 표.xls; 브랜드faq_BRD.md; kakaodata,,,,,
FAQ-041,매장운영,공통,8.9 정산 및 행정,세금계산서 발행 주체/발행일/필수 기재 항목은 어떻게 되나요?,세금계산서 발행 주체/발행일/필수 기재 항목은 어떻게 되나요?; 세금계산서 발행 주체/발행일/필수 기재 항목을 알려주세요.; 세금계산서 발행 주체/발행일/필수 기재 항목 문의드립니다.; 세금계산서 발행 주체/발행일/필수 기재 항목 확인 부탁드립니다.; 세금계산서 발행 주체/발행일/필수 기재 항목은 어디에서 확인하나요?; 세금계산서 발행 주체/발행일/필수 기재 항목을 안내해 주세요.; 세금계산서 발행 주체/발행일/필수 기재 항목 알 수 있을까요?; 세금계산서 발행 주체/발행일/필수 기재 항목 관련 기준이 궁금합니다.; 세금계산서 발행 주체/발행일/필수 기재 항목 관련해서 확인하고 싶습니다.,매출에서 수수료를 제외한 금액 기준으로 월 초 (매월 1~5일 이내) 월말 기준 역발행 세금계산서가 발행됩니다.,"월초 정산 일정에 맞춰 트러스빌에서 세금계산서를 승인하시고, 입금 일정을 확인하시면 됩니다.",트러스빌; 담당 바이어,-,공통공개,운영 사례형 답변,2026-03-07,답변 입력용 표.xls; 브랜드faq_BRD.md; kakaodata,,,,,
FAQ-042,매장운영,공통,8.9 정산 및 행정,"프로모션 비용, 공용비, 관리비 청구 방식은 어떻게 되나요?","프로모션 비용, 공용비, 관리비 청구 방식은 어떻게 되나요?; 프로모션 비용, 공용비, 관리비 청구 방식을 알려주세요.; 프로모션 비용, 공용비, 관리비 청구 방식 문의드립니다.; 프로모션 비용, 공용비, 관리비 청구 방식 확인 부탁드립니다.; 프로모션 비용, 공용비, 관리비 청구 방식은 어디에서 확인하나요?; 프로모션 비용, 공용비, 관리비 청구 방식을 안내해 주세요.; 프로모션 비용, 공용비, 관리비 청구 방식 알 수 있을까요?; 프로모션 비용, 공용비, 관리비 청구 방식 관련 기준이 궁금합니다.; 프로모션 비용, 공용비, 관리비 청구 방식 관련해서 확인하고 싶습니다.",브랜드 프로모션 비용은 브랜드 측 비용으로 청구됩니다. 아이파크몰과 공동판촉 진행을 원하실 경우에는 바이어와 별도로 협의하셔야 합니다.,"월초 정산 일정에 맞춰 트러스빌에서 세금계산서를 승인하시고, 입금 일정을 확인하시면 됩니다.",트러스빌; 담당 바이어,-,공통공개,확정 정책형 답변,2026-03-07,답변 입력용 표.xls; 브랜드faq_BRD.md; kakaodata,,,,,
FAQ-043,입점진행,브랜드,"8.10 마케팅, 사인물, 콘텐츠 반영","매장 사인물 설치 가이드(사이즈, 소재, 위치 제한)는 어떻게 되나요?","매장 사인물 설치 가이드(사이즈, 소재, 위치 제한)는 어떻게 되나요?; 매장 사인물 설치 가이드(사이즈, 소재, 위치 제한)를 알려주세요.; 매장 사인물 설치 가이드(사이즈, 소재, 위치 제한) 문의드립니다.; 매장 사인물 설치 가이드(사이즈, 소재, 위치 제한) 확인 부탁드립니다.; 매장 사인물 설치 가이드(사이즈, 소재, 위치 제한)는 어디에서 확인하나요?; 매장 사인물 설치 가이드(사이즈, 소재, 위치 제한)를 안내해 주세요.; 매장 사인물 설치 가이드(사이즈, 소재, 위치 제한) 알 수 있을까요?; 매장 사인물 설치 가이드(사이즈, 소재, 위치 제한) 관련 기준이 궁금합니다.; 매장 사인물 설치 가이드(사이즈, 소재, 위치 제한) 관련해서 확인하고 싶습니다.",행사장 구조물 높이 기준은 구역마다 다르므로 바이어와 협의가 필요합니다. 최대 높이는 통상 1500~1600mm 범위로 안내됩니다.,"소재 규격과 마감 기한을 확인하신 뒤, 담당 바이어에게 기한 내 제출하시면 됩니다.",담당 바이어; PMS,-,공통공개,운영 사례형 답변,2026-03-07,답변 입력용 표.xls; 브랜드faq_BRD.md; kakaodata,,,,,
FAQ-044,입점진행,브랜드,"8.10 마케팅, 사인물, 콘텐츠 반영",POP 출력 장소는 어디인가요?,POP 출력 장소는 어디인가요?; POP 출력 장소는 어디는 어떻게 되나요?; POP 출력 장소는 어디를 알려주세요.; POP 출력 장소는 어디 문의드립니다.; POP 출력 장소는 어디 확인 부탁드립니다.; POP 출력 장소는 어디는 어디에서 확인하나요?; POP 출력 장소는 어디를 안내해 주세요.; POP 출력 장소는 어디 알 수 있을까요?; POP 출력 장소는 어디 관련 기준이 궁금합니다.; POP 출력 장소는 어디 관련해서 확인하고 싶습니다.,"패션파크 5층 수선실 옆 POP실에 방문하셔서 세중PMS 프로그램으로 직접 신청하시면 됩니다. 쇼카드와 A4, A3 POP 출력이 가능합니다.","소재 규격과 마감 기한을 확인하신 뒤, 담당 바이어에게 기한 내 제출하시면 됩니다.",담당 바이어; PMS,현장 조건에 따라 가능,공통공개,운영 사례형 답변,2026-03-07,답변 입력용 표.xls; 브랜드faq_BRD.md; kakaodata,,,,,
FAQ-045,입점진행,브랜드,"8.10 마케팅, 사인물, 콘텐츠 반영",상세페이지를 포함한 APP 기획 광고 가이드라인은 무엇인가요?,상세페이지를 포함한 APP 기획 광고 가이드라인은 무엇인가요?; 상세페이지를 포함한 APP 기획 광고 가이드라인은 무엇은 어떻게 되나요?; 상세페이지를 포함한 APP 기획 광고 가이드라인은 무엇을 알려주세요.; 상세페이지를 포함한 APP 기획 광고 가이드라인은 무엇 문의드립니다.; 상세페이지를 포함한 APP 기획 광고 가이드라인은 무엇 확인 부탁드립니다.; 상세페이지를 포함한 APP 기획 광고 가이드라인은 무엇은 어디에서 확인하나요?; 상세페이지를 포함한 APP 기획 광고 가이드라인은 무엇을 안내해 주세요.; 상세페이지를 포함한 APP 기획 광고 가이드라인은 무엇 알 수 있을까요?; 상세페이지를 포함한 APP 기획 광고 가이드라인은 무엇 관련 기준이 궁금합니다.; 상세페이지를 포함한 APP 기획 광고 가이드라인은 무엇 관련해서 확인하고 싶습니다.,상세 가이드는 첨부파일을 참고해 주세요.,"소재 규격과 마감 기한을 확인하신 뒤, 담당 바이어에게 기한 내 제출하시면 됩니다.",담당 바이어; PMS,-,공통공개,확정 정책형 답변,2026-03-07,답변 입력용 표.xls; 브랜드faq_BRD.md; kakaodata,,,,,
FAQ-046,입점진행,브랜드,"8.10 마케팅, 사인물, 콘텐츠 반영","DID(에스컬레이터, 엘리베이터) 송출 신청 프로세스는 어떻게 되나요?","DID(에스컬레이터, 엘리베이터) 송출 신청 프로세스는 어떻게 되나요?; DID(에스컬레이터, 엘리베이터) 송출 신청 프로세스를 알려주세요.; DID(에스컬레이터, 엘리베이터) 송출 신청 프로세스 문의드립니다.; DID(에스컬레이터, 엘리베이터) 송출 신청 프로세스 확인 부탁드립니다.; DID(에스컬레이터, 엘리베이터) 송출 신청 프로세스는 어디에서 확인하나요?; DID(에스컬레이터, 엘리베이터) 송출 신청 프로세스를 안내해 주세요.; DID(에스컬레이터, 엘리베이터) 송출 신청 프로세스 알 수 있을까요?; DID(에스컬레이터, 엘리베이터) 송출 신청 프로세스 관련 기준이 궁금합니다.; DID(에스컬레이터, 엘리베이터) 송출 신청 프로세스 관련해서 확인하고 싶습니다.","에스컬레이터는 가로형 1920×1080px, 엘리베이터는 세로형 1080×1920px JPG 파일 각 1장을 준비해 담당 바이어에게 송출 희망일 7일 전까지 전달하시면 됩니다. 매장명, 연락처, 위치, 행사 내용, 기간 등을 포함해 주셔야 하며, 장소 표기 시에는 아이파크몰 문구를 별도로 넣지 않으셔도 됩니다. 영상 송출은 불가합니다.","소재 규격과 마감 기한을 확인하신 뒤, 담당 바이어에게 기한 내 제출하시면 됩니다.",담당 바이어; PMS,일부 항목 불가,공통공개,확정 정책형 답변,2026-03-07,답변 입력용 표.xls; 브랜드faq_BRD.md; kakaodata,,,,,
FAQ-047,입점진행,브랜드,"8.10 마케팅, 사인물, 콘텐츠 반영",일반광고 APP 신청 가이드라인은 어떻게 되나요?,일반광고 APP 신청 가이드라인은 어떻게 되나요?; 일반광고 APP 신청 가이드라인을 알려주세요.; 일반광고 APP 신청 가이드라인 문의드립니다.; 일반광고 APP 신청 가이드라인 확인 부탁드립니다.; 일반광고 APP 신청 가이드라인은 어디에서 확인하나요?; 일반광고 APP 신청 가이드라인을 안내해 주세요.; 일반광고 APP 신청 가이드라인 알 수 있을까요?; 일반광고 APP 신청 가이드라인 관련 기준이 궁금합니다.; 일반광고 APP 신청 가이드라인 관련해서 확인하고 싶습니다.,"APP 광고는 대표 이미지 1컷(정방형 권장)과 프로모션 기간, 내용을 포함해 담당 바이어에게 송출 희망일 2주 전까지 직접 신청하시면 됩니다.","소재 규격과 마감 기한을 확인하신 뒤, 담당 바이어에게 기한 내 제출하시면 됩니다.",담당 바이어; PMS,-,공통공개,운영 사례형 답변,2026-03-07,답변 입력용 표.xls; 브랜드faq_BRD.md; kakaodata,,,,,
FAQ-048,매장운영,공통,"8.11 철수, 연장, 계약 종료",팝업 종료 후 철수 가능 시간과 반출 동선은 어떻게 되나요?,팝업 종료 후 철수 가능 시간과 반출 동선은 어떻게 되나요?; 팝업 종료 후 철수 가능 시간과 반출 동선을 알려주세요.; 팝업 종료 후 철수 가능 시간과 반출 동선 문의드립니다.; 팝업 종료 후 철수 가능 시간과 반출 동선 확인 부탁드립니다.; 팝업 종료 후 철수 가능 시간과 반출 동선은 어디에서 확인하나요?; 팝업 종료 후 철수 가능 시간과 반출 동선을 안내해 주세요.; 팝업 종료 후 철수 가능 시간과 반출 동선 알 수 있을까요?; 팝업 종료 후 철수 가능 시간과 반출 동선 관련 기준이 궁금합니다.; 팝업 종료 후 철수 가능 시간과 반출 동선 관련해서 확인하고 싶습니다.,"철수는 설치와 동일하게 출입신청 후 각 하역장 동선을 기준으로 진행되며, 반드시 폐점 후 작업하셔야 합니다.","철수 계획을 사전에 공유하시고, 출입신청 후 폐점 이후 원상복구까지 완료하시면 됩니다.",담당 바이어; 보안 02-2012-4112,폐점 후 작업,공통공개,운영 사례형 답변,2026-03-07,답변 입력용 표.xls; 브랜드faq_BRD.md; kakaodata,,,,,
FAQ-049,매장운영,공통,"8.11 철수, 연장, 계약 종료",철수 시 폐기물 처리 비용 부담 주체는 누구인가요?,철수 시 폐기물 처리 비용 부담 주체는 누구인가요?; 철수 시 폐기물 처리 비용 부담 주체는 누구는 어떻게 되나요?; 철수 시 폐기물 처리 비용 부담 주체는 누구를 알려주세요.; 철수 시 폐기물 처리 비용 부담 주체는 누구 문의드립니다.; 철수 시 폐기물 처리 비용 부담 주체는 누구 확인 부탁드립니다.; 철수 시 폐기물 처리 비용 부담 주체는 누구는 어디에서 확인하나요?; 철수 시 폐기물 처리 비용 부담 주체는 누구를 안내해 주세요.; 철수 시 폐기물 처리 비용 부담 주체는 누구 알 수 있을까요?; 철수 시 폐기물 처리 비용 부담 주체는 누구 관련 기준이 궁금합니다.; 철수 시 폐기물 처리 비용 부담 주체는 누구 관련해서 확인하고 싶습니다.,폐기물 처리 비용은 협력사에서 부담하셔야 합니다.,"철수 계획을 사전에 공유하시고, 출입신청 후 폐점 이후 원상복구까지 완료하시면 됩니다.",담당 바이어; 보안 02-2012-4112,-,공통공개,확정 정책형 답변,2026-03-07,답변 입력용 표.xls; 브랜드faq_BRD.md; kakaodata,,,,,
FAQ-050,매장운영,공통,"8.11 철수, 연장, 계약 종료",계약 연장 검토 시작 시점과 의사결정 일정은 어떻게 되나요?,계약 연장 검토 시작 시점과 의사결정 일정은 어떻게 되나요?; 계약 연장 검토 시작 시점과 의사결정 일정을 알려주세요.; 계약 연장 검토 시작 시점과 의사결정 일정 문의드립니다.; 계약 연장 검토 시작 시점과 의사결정 일정 확인 부탁드립니다.; 계약 연장 검토 시작 시점과 의사결정 일정은 어디에서 확인하나요?; 계약 연장 검토 시작 시점과 의사결정 일정을 안내해 주세요.; 계약 연장 검토 시작 시점과 의사결정 일정 알 수 있을까요?; 계약 연장 검토 시작 시점과 의사결정 일정 관련 기준이 궁금합니다.; 계약 연장 검토 시작 시점과 의사결정 일정 관련해서 확인하고 싶습니다.,계약 연장 검토는 종료 예정일 기준 60일 이내에 담당 바이어와 상의하시면 됩니다.,"철수 계획을 사전에 공유하시고, 출입신청 후 폐점 이후 원상복구까지 완료하시면 됩니다.",담당 바이어; 보안 02-2012-4112,-,공통공개,확인 필요형 답변,2026-03-07,답변 입력용 표.xls; 브랜드faq_BRD.md; kakaodata,,,,,
FAQ-051,매장운영,공통,"8.11 철수, 연장, 계약 종료",미정산/시설 훼손 발생 시 처리 절차는 어떻게 되나요?,미정산/시설 훼손 발생 시 처리 절차는 어떻게 되나요?; 미정산/시설 훼손 발생 시 처리 절차를 알려주세요.; 미정산/시설 훼손 발생 시 처리 절차 문의드립니다.; 미정산/시설 훼손 발생 시 처리 절차 확인 부탁드립니다.; 미정산/시설 훼손 발생 시 처리 절차는 어디에서 확인하나요?; 미정산/시설 훼손 발생 시 처리 절차를 안내해 주세요.; 미정산/시설 훼손 발생 시 처리 절차 알 수 있을까요?; 미정산/시설 훼손 발생 시 처리 절차 관련 기준이 궁금합니다.; 미정산/시설 훼손 발생 시 처리 절차 관련해서 확인하고 싶습니다.,"미정산 사례는 현재까지 확인되지 않았지만, 관련 이슈가 발생하면 담당 바이어와 상의하시면 됩니다. 시설이 훼손된 경우에는 원상복구를 반드시 진행하셔야 합니다.","철수 계획을 사전에 공유하시고, 출입신청 후 폐점 이후 원상복구까지 완료하시면 됩니다.",담당 바이어; 보안 02-2012-4112,-,공통공개,확인 필요형 답변,2026-03-07,답변 입력용 표.xls; 브랜드faq_BRD.md; kakaodata,,,,,
